"","country","subdivision","type","million_60kgs_bag","year","nonbear_mill_trees","bear_mill_trees","nonbear_thous_hect","bear_thous_hect","median_et","temp_c","rel_humid","wind_speed","avg_unemp_thou"
"1","Brazil","Minas Gerais","Arabica",28.5,2013,1000,5860,282,2105,961,21.3728454614977,69.7763107825524,6.22776480696868,696.25
"4","Brazil","Minas Gerais","Arabica",23.5,2012,835,5760,260,2150,1078.9,21.5327112751011,67.4178329250541,6.20397304008514,719.75
"5","Brazil","Espirito Santo","Arabica",3,2013,1000,5860,282,2105,1151.5,24.8840324286218,77.5272190879172,6.8859158083296,140.75
"8","Brazil","Espirito Santo","Arabica",2.7,2012,835,5760,260,2150,1150.5,25.0720138488171,76.8886299630656,7.25072030040965,136.5
"9","Brazil","Espirito Santo","Robusta",11.8,2013,1000,5860,282,2105,1151.5,24.8840324286218,77.5272190879172,6.8859158083296,140.75
"12","Brazil","Espirito Santo","Robusta",10.8,2012,835,5760,260,2150,1150.5,25.0720138488171,76.8886299630656,7.25072030040965,136.5
"13","Brazil","Sao Paulo","Arabica",5.4,2013,1000,5860,282,2105,860.65,22.6767309648055,69.8156815792548,6.3291425225828,1696.5
"16","Brazil","Sao Paulo","Arabica",4.1,2012,835,5760,260,2150,975.9,22.7959230786989,67.0113269594938,6.15110054912094,1651.75
"17","Brazil","Parana","Arabica",1.8,2013,1000,5860,282,2105,1036.3,20.0186638388123,77.4490364995969,6.81271318034172,252.5
"20","Brazil","Parana","Arabica",1.9,2012,835,5760,260,2150,1036.15,20.6074739448379,73.8877067658336,6.94436176302232,283.25
"21","Brazil","Minas Gerais","Arabica",32.5,2017,1125,5735,340,2070,1108.2,22.1934386006569,64.3881290322581,6.4144780159485,1356.5
"22","Brazil","Minas Gerais","Arabica",29.4,2014,1055,5810,307,2135,1043.5,22.4067154758899,63.8428522124639,6.10125056078959,714.25
"23","Brazil","Minas Gerais","Arabica",29.4,2014,1055,5810,307,2135,1043.5,22.4067154758899,63.8428522124639,6.10125056078959,714.25
"24","Brazil","Minas Gerais","Arabica",26,2015,1185,5770,347,2090,1056.6,22.5255055287434,67.4773688068911,6.08398503910235,924.25
"25","Brazil","Minas Gerais","Arabica",25.3,2016,1125,5735,340,2070,999.55,22.4217068839444,66.4975571960859,6.18389159519726,1223
"26","Brazil","Espirito Santo","Arabica",3.8,2017,1125,5735,340,2070,1255.3,24.38542380626,78.9500925291295,7.53198537811286,272.75
"27","Brazil","Espirito Santo","Arabica",3.5,2014,1055,5810,307,2135,1054.5,24.9757259528131,71.1684424276801,7.73867240598097,121.5
"28","Brazil","Espirito Santo","Arabica",3.5,2014,1055,5810,307,2135,1054.5,24.9757259528131,71.1684424276801,7.73867240598097,121.5
"29","Brazil","Espirito Santo","Arabica",3.3,2015,1185,5770,347,2090,1111.9,24.7429581480214,73.5696406980723,8.20173436786855,153.25
"30","Brazil","Espirito Santo","Arabica",3.1,2016,1125,5735,340,2070,1074.7,25.1849454632626,77.3652355267889,7.85899920209734,245.25
"31","Brazil","Espirito Santo","Robusta",6.7,2017,1125,5735,340,2070,1255.3,24.38542380626,78.9500925291295,7.53198537811286,272.75
"32","Brazil","Espirito Santo","Robusta",12.3,2014,1055,5810,307,2135,1054.5,24.9757259528131,71.1684424276801,7.73867240598097,121.5
"33","Brazil","Espirito Santo","Robusta",12.3,2014,1055,5810,307,2135,1054.5,24.9757259528131,71.1684424276801,7.73867240598097,121.5
"34","Brazil","Espirito Santo","Robusta",13.1,2015,1185,5770,347,2090,1111.9,24.7429581480214,73.5696406980723,8.20173436786855,153.25
"35","Brazil","Espirito Santo","Robusta",9.9,2016,1125,5735,340,2070,1074.7,25.1849454632626,77.3652355267889,7.85899920209734,245.25
"36","Brazil","Sao Paulo","Arabica",5.9,2017,1125,5735,340,2070,993.8,23.3197443615583,63.5501035183123,6.3780385582565,3399.75
"37","Brazil","Sao Paulo","Arabica",4.6,2014,1055,5810,307,2135,1026.575,23.7021258008154,63.2234432533209,6.42033710809001,1684.75
"38","Brazil","Sao Paulo","Arabica",4.6,2014,1055,5810,307,2135,1026.575,23.7021258008154,63.2234432533209,6.42033710809001,1684.75
"39","Brazil","Sao Paulo","Arabica",4.6,2015,1185,5770,347,2090,979,23.5475075593952,67.6014076134852,5.88584542564953,2247
"40","Brazil","Sao Paulo","Arabica",4.3,2016,1125,5735,340,2070,972.525,23.3066787236791,65.5999573468904,6.05951400593092,3048.25
"41","Brazil","Parana","Arabica",1.1,2017,1125,5735,340,2070,1056.9,20.6965211381177,75.143571449146,6.57118614818224,540
"42","Brazil","Parana","Arabica",1.7,2014,1055,5810,307,2135,1047.1,20.8452657066395,75.0298214742587,6.93424747640853,236
"43","Brazil","Parana","Arabica",1.7,2014,1055,5810,307,2135,1047.1,20.8452657066395,75.0298214742587,6.93424747640853,236
"44","Brazil","Parana","Arabica",1,2015,1185,5770,347,2090,1050.9,20.809376280213,76.971551106645,6.6960774272839,344.25
"45","Brazil","Parana","Arabica",1.2,2016,1125,5735,340,2070,1029.35,20.1087987355111,74.7736209268964,6.24118369495292,491
"46","Brazil","Minas Gerais","Arabica",28.3,2018,1300,5640,380,2020,1083.9,22.3821726806098,65.3087793608009,5.91632605845608,1211
"52","Brazil","Espirito Santo","Arabica",3.3,2018,1300,5640,380,2020,1171,24.7294131028207,82.2189074285714,7.11344299489507,245.5
"58","Brazil","Espirito Santo","Robusta",7.3,2018,1300,5640,380,2020,1171,24.7294131028207,82.2189074285714,7.11344299489507,245.5
"64","Brazil","Sao Paulo","Arabica",4.3,2018,1300,5640,380,2020,980.45,23.5028358450818,64.4125643739695,5.90395957887956,3429.25
"65","Brazil","Sao Paulo","Arabica",6.5,2019,1150,5740,335,2060,893.35,23.787523443272,64.6114196922611,5.95159034482759,3265.5
"70","Brazil","Parana","Arabica",1.3,2018,1300,5640,380,2020,1057.8,20.6650295536964,75.0414998708492,6.09262894370004,533
"71","Brazil","Parana","Arabica",1.2,2019,1150,5740,335,2060,1004,21.3873796331164,73.7995878396556,6.33569015975299,529.75
